{
  "model": "extra_trees",
  "features": [
    "age",
    "sex_id",
    "height",
    "weight",
    "BMI",
    "diagnosis_id",
    "CrCL_mL_per_min",
    "Serum_Cr",
    "Albumin",
    "AST",
    "ALT",
    "WBC",
    "Platelet",
    "hs_CRP",
    "initial_dose_mg",
    "initial_q_hr",
    "initial_daily_dose_mg"
  ],
  "targets": [
    "ns_peak_1",
    "ns_peak_2",
    "ns_peak_3",
    "ns_peak_4",
    "ns_peak_5",
    "ns_trough_1",
    "ns_trough_2",
    "ns_trough_3",
    "ns_trough_4",
    "ns_trough_5"
  ],
  "metrics": {
    "train": {
      "rmse": 1.4780189653955056,
      "mae": 0.8258461840339116,
      "r2": 0.9314393421501357,
      "per_target": {
        "ns_peak_1": {
          "rmse": 0.42158799090513066,
          "mae": 0.16795368674495456
        },
        "ns_peak_2": {
          "rmse": 1.087044040153122,
          "mae": 0.6210445820983304
        },
        "ns_peak_3": {
          "rmse": 1.4133322816730354,
          "mae": 0.8672961034555149
        },
        "ns_peak_4": {
          "rmse": 1.775827922794883,
          "mae": 1.0731341080109689
        },
        "ns_peak_5": {
          "rmse": 2.188618643450697,
          "mae": 1.3865631977805304
        },
        "ns_trough_1": {
          "rmse": 0.7785680610761029,
          "mae": 0.5036045530162069
        },
        "ns_trough_2": {
          "rmse": 1.1529672539344116,
          "mae": 0.7313472597689585
        },
        "ns_trough_3": {
          "rmse": 1.4509182722059235,
          "mae": 0.847344606925833
        },
        "ns_trough_4": {
          "rmse": 1.661763956537569,
          "mae": 0.9523224722314334
        },
        "ns_trough_5": {
          "rmse": 1.9346188076419106,
          "mae": 1.107851270306385
        }
      }
    },
    "valid": {
      "rmse": 3.8585628416648854,
      "mae": 2.4706718865508908,
      "r2": 0.5023393035996473,
      "per_target": {
        "ns_peak_1": {
          "rmse": 1.3393476352612659,
          "mae": 0.47332446158549946
        },
        "ns_peak_2": {
          "rmse": 2.647019809061943,
          "mae": 1.7340225989665587
        },
        "ns_peak_3": {
          "rmse": 3.770208300799293,
          "mae": 2.582243606002379
        },
        "ns_peak_4": {
          "rmse": 4.953886783138763,
          "mae": 3.454953198847118
        },
        "ns_peak_5": {
          "rmse": 5.8265514750239396,
          "mae": 4.16887953134127
        },
        "ns_trough_1": {
          "rmse": 1.9396420755044552,
          "mae": 1.3169706388691156
        },
        "ns_trough_2": {
          "rmse": 2.889800927030703,
          "mae": 2.0567334642063053
        },
        "ns_trough_3": {
          "rmse": 3.753527043176174,
          "mae": 2.6470583367602787
        },
        "ns_trough_4": {
          "rmse": 4.3175945047009705,
          "mae": 3.0128034743221046
        },
        "ns_trough_5": {
          "rmse": 4.747271926131212,
          "mae": 3.2597295546082705
        }
      }
    },
    "test": {
      "rmse": 3.834900732508995,
      "mae": 2.5487583057671506,
      "r2": 0.5231321619282984,
      "per_target": {
        "ns_peak_1": {
          "rmse": 0.9078613919331713,
          "mae": 0.4378411863086146
        },
        "ns_peak_2": {
          "rmse": 2.7523402664181518,
          "mae": 1.8346365484440958
        },
        "ns_peak_3": {
          "rmse": 3.887281209542689,
          "mae": 2.7854843039187456
        },
        "ns_peak_4": {
          "rmse": 5.008173352971974,
          "mae": 3.5940233289497376
        },
        "ns_peak_5": {
          "rmse": 6.06026583314191,
          "mae": 4.4198909795014245
        },
        "ns_trough_1": {
          "rmse": 1.777831605861125,
          "mae": 1.3169744176791487
        },
        "ns_trough_2": {
          "rmse": 2.7514073603705844,
          "mae": 2.0788183258238018
        },
        "ns_trough_3": {
          "rmse": 3.584116294039142,
          "mae": 2.6548805738100816
        },
        "ns_trough_4": {
          "rmse": 4.166535465185735,
          "mae": 3.080049284725859
        },
        "ns_trough_5": {
          "rmse": 4.561648217003781,
          "mae": 3.284984108509995
        }
      }
    }
  }
}